{
  "employees": [
    {
      "id": "1",
      "name": "Shanmathi",
      "email": "shanmathi@gmail.com",
      "phone": "9876543210"
    },
    {
      "id": "2",
      "name": "Arjun Mehta",
      "email": "arjun.mehta@gmail.com",
      "phone": "9876543211"
    },
    {
      "id": "3",
      "name": "Priya Nair",
      "email": "priya.nair@gmail.com",
      "phone": "9876543212"
    },
    {
      "id": "4",
      "name": "Ravi Kumar",
      "email": "ravi.kumar@gmail.com",
      "phone": "9876543213"
    },
    {
      "id": "5",
      "name": "Sneha Reddy",
      "email": "sneha.reddy@gmail.com",
      "phone": "9876543214"
    },
    {
      "id": "6",
      "name": "Karthik Iyer",
      "email": "karthik.iyer@gmail.com",
      "phone": "9876543215"
    },
    {
      "id": "7",
      "name": "Divya Sharma",
      "email": "divya.sharma@gmail.com",
      "phone": "9876543216"
    },
    {
      "id": "8",
      "name": "Manoj Joshi",
      "email": "manoj.joshi@gmail.com",
      "phone": "9876543217"
    },
    {
      "id": "9",
      "name": "Anjali Verma",
      "email": "anjali.verma@gmail.com",
      "phone": "9876543218"
    },
    {
      "id": "10",
      "name": "Vikram Singh",
      "email": "vikram.singh@gmail.com",
      "phone": "9876543219"
    },
    {
      "id": "11",
      "name": "Meera Das",
      "email": "meera.das@gmail.com",
      "phone": "9876543220"
    },
    {
      "id": "12",
      "name": "Rahul Desai",
      "email": "rahul.desai@gmail.com",
      "phone": "9876543221"
    },
    {
      "id": "13",
      "name": "Neha Kapoor",
      "email": "neha.kapoor@gmail.com",
      "phone": "9876543222"
    },
    {
      "id": "14",
      "name": "Siddharth Jain",
      "email": "siddharth.jain@gmail.com",
      "phone": "9876543223"
    },
    {
      "id": "15",
      "name": "Aishwarya Menon",
      "email": "aishwarya.menon@gmail.com",
      "phone": "9876543224"
    },
    {
      "id": "128e",
      "name": "Shanu",
      "email": "shanu@gmail.com",
      "phone": "08736745283"
    },
    {
      "id": "aa2a",
      "name": "Arul",
      "email": "arul@gmail.com",
      "phone": "9876543210"
    }
  ]
}